{
  "version": 2,
  "name": "volta-metals-worldwide",
  "builds": [
    {
      "src": "**/*.html",
      "use": "@vercel/static"
    },
    {
      "src": "**/*.css",
      "use": "@vercel/static"
    },
    {
      "src": "**/*.js",
      "use": "@vercel/static"
    },
    {
      "src": "images/**/*",
      "use": "@vercel/static"
    }
  ],
  "routes": [
    {
      "src": "/home",
      "dest": "/index.html"
    },
    {
      "src": "/contact-us",
      "dest": "/contact.html"
    },
    {
      "src": "/(.*)",
      "dest": "/$1"
    }
  ],
  "headers": [
    {
      "source": "/(.*)",
      "headers": [
        {
          "key": "X-Content-Type-Options",
          "value": "nosniff"
        },
        {
          "key": "X-Frame-Options",
          "value": "DENY"
        },
        {
          "key": "X-XSS-Protection",
          "value": "1; mode=block"
        }
      ]
    },
    {
      "source": "/images/(.*)",
      "headers": [
        {
          "key": "Cache-Control",
          "value": "public, max-age=31536000, immutable"
        }
      ]
    }
  ]
}